Navn;Ejd_beliggenhed;CVR;KOMMUNE_NR;EJD_NR;Andel;delta_Ejendoms_værdi;delta_Grund_værdi;delta_Stuehus_værdi;delta_Stuehus_Grund_værdi;Vurdering_Aktuel;Ejendoms_værdi_Aktuel;Grund_Værdi_Aktuel;Stuehus_Værdi_Aktuel;Stuehus_grundværdi_Aktuel;Historisk_vurdering;Historisk_ejendomsværdi;Historisk_grundværdi;Historisk_stuehusværdi;Historisk_stuehus_grundværdi;Elavskode;Matrnr
Middelfart Kommune;Kirkevej 16 (5464);29189684;410;3;100;380100;1785400;0;0;2016;2330100;2330100;0;0;2004;1950000;544700;0;0;400353;17A
Middelfart Kommune;Kirkevej 16 (5464);29189684;410;3;100;380100;1785400;0;0;2016;2330100;2330100;0;0;2004;1950000;544700;0;0;400353;17A
Middelfart kommune;Bogensevej 12 (5464) Klubhus KU;29189684;410;122;100;50000;0;0;0;2016;560000;17600;0;0;2004;510000;17600;0;0;400351;7X
Middelfart kommune;Brenderup Skov;29189684;410;344;100;57300;57300;0;0;2016;143200;143200;0;0;2004;85900;85900;0;0;400353;
Middelfart kommune;Anlægsvej 4 - Rådhus;29189684;410;535;100;-1500000;2442300;0;0;2016;13700000;8140900;0;0;2004;15200000;5698600;0;0;400451;3BØ
Middelfart Kommune;Jægersmindevej 17A;29189684;410;587;100;131400;131400;0;0;2016;656700;656700;0;0;2004;525300;525300;0;0;400553;14O
Middelfart Kommune;Jægersmindevej 17A;29189684;410;587;100;131400;131400;0;0;2016;656700;656700;0;0;2004;525300;525300;0;0;400553;14O
Middelfart Kommune;Jægersmindevej 17A;29189684;410;587;100;131400;131400;0;0;2016;656700;656700;0;0;2004;525300;525300;0;0;400553;40G
Middelfart Kommune;Jægersmindevej 17A;29189684;410;587;100;131400;131400;0;0;2016;656700;656700;0;0;2004;525300;525300;0;0;400553;40G
Middelfart kommune;Jægersmindevej 1A - P.plads;29189684;410;588;100;12400;12400;0;0;2016;62000;62000;0;0;2004;49600;49600;0;0;400553;18AG
Middelfart Kommune;Gelsted Byvej 29 - ungdomsskole;29189684;410;594;100;70000;30600;0;0;2016;520000;153200;0;0;2004;450000;122600;0;0;400851;8CÆ
Middelfart kommune;Jernbanevej 21 (5592);29189684;410;607;100;-250000;31000;0;0;2016;2200000;154600;0;0;2004;2450000;123600;0;0;400451;14CO
Middelfart kommune;Jernbanevej 21 (5592);29189684;410;607;100;-250000;31000;0;0;2016;2200000;154600;0;0;2004;2450000;123600;0;0;400451;14CO
Middelfart kommune;Jernbanevej 21 (5592);29189684;410;607;100;-250000;31000;0;0;2016;2200000;154600;0;0;2004;2450000;123600;0;0;400451;14CO
Middelfart kommune;Rugårdsvej 28 A;29189684;410;649;100;43300;43300;0;0;2016;108300;108300;0;0;2004;65000;65000;0;0;400952;61D
Middelfart Kommune;Kirkevej 29 (5464) Skole;29189684;410;656;100;-1400000;-2900;0;0;2016;13300000;650100;0;0;2004;14700000;653000;0;0;400353;2V
Middelfart Kommune;Kirkevej 29 (5464) Skole;29189684;410;656;100;-1400000;-2900;0;0;2016;13300000;650100;0;0;2004;14700000;653000;0;0;400353;2V
Middelfart Kommune;Kirkevej 29 (5464) Skole;29189684;410;656;100;-1400000;-2900;0;0;2016;13300000;650100;0;0;2004;14700000;653000;0;0;400353;15M
Middelfart Kommune;Kirkevej 29 (5464) Skole;29189684;410;656;100;-1400000;-2900;0;0;2016;13300000;650100;0;0;2004;14700000;653000;0;0;400353;15M
Middelfart kommune;Middelfartvej 299 (5464) Hjempl.;29189684;410;732;100;1000000;951400;0;0;2016;3000000;2117500;0;0;2004;2000000;1166100;0;0;400351;3A
Middelfart kommune;Middelfartvej 299 (5464) Hjempl.;29189684;410;732;100;1000000;951400;0;0;2016;3000000;2117500;0;0;2004;2000000;1166100;0;0;400351;3A
Middelfart kommune;Middelfartvej 299 (5464) Hjempl.;29189684;410;732;100;1000000;951400;0;0;2016;3000000;2117500;0;0;2004;2000000;1166100;0;0;400351;3AT
Middelfart kommune;Middelfartvej 299 (5464) Hjempl.;29189684;410;732;100;1000000;951400;0;0;2016;3000000;2117500;0;0;2004;2000000;1166100;0;0;400351;3AT
Middelfart Kommune;Stationsvej 19 (5464), Børnehave;29189684;410;788;100;350000;151500;0;0;2016;1900000;561000;0;0;2004;1550000;409500;0;0;400359;35A
Middelfart kommune;Egelundvej 40 - Spejderhytte;29189684;410;844;100;-20000;54800;0;0;2016;140000;137100;0;0;2004;160000;82300;0;0;400353;1T
Middelfart kommune;Nygade 501;29189684;410;929;100;31900;31900;0;0;2016;133800;133800;0;0;2004;101900;101900;0;0;400451;18AA
Middelfart kommune;Nygade 501;29189684;410;929;100;31900;31900;0;0;2016;133800;133800;0;0;2004;101900;101900;0;0;400451;18AA
Middelfart kommune;Nygade 501;29189684;410;929;100;31900;31900;0;0;2016;133800;133800;0;0;2004;101900;101900;0;0;400451;18AA
Middelfart kommune;Nygade 501;29189684;410;929;100;31900;31900;0;0;2016;133800;133800;0;0;2004;101900;101900;0;0;400451;18AA
Middelfart kommune;Nygade 501;29189684;410;929;100;31900;31900;0;0;2016;133800;133800;0;0;2004;101900;101900;0;0;400451;18CR
Middelfart kommune;Nygade 501;29189684;410;929;100;31900;31900;0;0;2016;133800;133800;0;0;2004;101900;101900;0;0;400451;18CR
Middelfart kommune;Nygade 501;29189684;410;929;100;31900;31900;0;0;2016;133800;133800;0;0;2004;101900;101900;0;0;400451;18CR
Middelfart kommune;Nygade 501;29189684;410;929;100;31900;31900;0;0;2016;133800;133800;0;0;2004;101900;101900;0;0;400451;18CR
Middelfart kommune;Nygade 501;29189684;410;929;100;31900;31900;0;0;2016;133800;133800;0;0;2004;101900;101900;0;0;400451;18CQ
Middelfart kommune;Nygade 501;29189684;410;929;100;31900;31900;0;0;2016;133800;133800;0;0;2004;101900;101900;0;0;400451;18CQ
Middelfart kommune;Nygade 501;29189684;410;929;100;31900;31900;0;0;2016;133800;133800;0;0;2004;101900;101900;0;0;400451;18CQ
Middelfart kommune;Nygade 501;29189684;410;929;100;31900;31900;0;0;2016;133800;133800;0;0;2004;101900;101900;0;0;400451;18CQ
Middelfart kommune;Nygade 501;29189684;410;929;100;31900;31900;0;0;2016;133800;133800;0;0;2004;101900;101900;0;0;400451;18CP
Middelfart kommune;Nygade 501;29189684;410;929;100;31900;31900;0;0;2016;133800;133800;0;0;2004;101900;101900;0;0;400451;18CP
Middelfart kommune;Nygade 501;29189684;410;929;100;31900;31900;0;0;2016;133800;133800;0;0;2004;101900;101900;0;0;400451;18CP
Middelfart kommune;Nygade 501;29189684;410;929;100;31900;31900;0;0;2016;133800;133800;0;0;2004;101900;101900;0;0;400451;18CP
Middelfart kommune;Nederballevej 26 A;29189684;410;958;100;1700;1700;0;0;2016;5500;5500;0;0;2004;3800;3800;0;0;400553;15D
Middelfart Kommune;Sandhøjsvej 26 - Gr.omr./sø;29189684;410;980;100;0;0;0;0;2016;428900;428900;0;0;2004;428900;428900;0;0;400952;123A
Middelfart Kommune;Gelstedvej 27 - musiksk./sundhp.;29189684;410;1006;100;-40000;0;0;0;2016;400000;89500;0;0;2004;440000;89500;0;0;400851;8BC
Middelfart Kommune;Gelstedvej 27 - musiksk./sundhp.;29189684;410;1006;100;-40000;0;0;0;2016;400000;89500;0;0;2004;440000;89500;0;0;400851;8BC
Middelfart Kommune;Gelstedvej 29 - Skole;29189684;410;1007;100;5500000;-1800;0;0;2016;21800000;1504600;0;0;2004;16300000;1506400;0;0;400851;8AY
Middelfart Kommune;Gelstedvej 29 - Skole;29189684;410;1007;100;5500000;-1800;0;0;2016;21800000;1504600;0;0;2004;16300000;1506400;0;0;400851;8AY
Middelfart Kommune;Gelstedvej 29 - Skole;29189684;410;1007;100;5500000;-1800;0;0;2016;21800000;1504600;0;0;2004;16300000;1506400;0;0;400851;8AY
Middelfart Kommune;Gelstedvej 29 - Skole;29189684;410;1007;100;5500000;-1800;0;0;2016;21800000;1504600;0;0;2004;16300000;1506400;0;0;400851;8AY
Middelfart Kommune;Gelstedvej 29 - Skole;29189684;410;1007;100;5500000;-1800;0;0;2016;21800000;1504600;0;0;2004;16300000;1506400;0;0;400851;8BQ
Middelfart Kommune;Gelstedvej 29 - Skole;29189684;410;1007;100;5500000;-1800;0;0;2016;21800000;1504600;0;0;2004;16300000;1506400;0;0;400851;8BQ
Middelfart Kommune;Gelstedvej 29 - Skole;29189684;410;1007;100;5500000;-1800;0;0;2016;21800000;1504600;0;0;2004;16300000;1506400;0;0;400851;8BQ
Middelfart Kommune;Gelstedvej 29 - Skole;29189684;410;1007;100;5500000;-1800;0;0;2016;21800000;1504600;0;0;2004;16300000;1506400;0;0;400851;8BQ
Middelfart Kommune;Gelstedvej 29 - Skole;29189684;410;1007;100;5500000;-1800;0;0;2016;21800000;1504600;0;0;2004;16300000;1506400;0;0;400851;8BT
Middelfart Kommune;Gelstedvej 29 - Skole;29189684;410;1007;100;5500000;-1800;0;0;2016;21800000;1504600;0;0;2004;16300000;1506400;0;0;400851;8BT
Middelfart Kommune;Gelstedvej 29 - Skole;29189684;410;1007;100;5500000;-1800;0;0;2016;21800000;1504600;0;0;2004;16300000;1506400;0;0;400851;8BT
Middelfart Kommune;Gelstedvej 29 - Skole;29189684;410;1007;100;5500000;-1800;0;0;2016;21800000;1504600;0;0;2004;16300000;1506400;0;0;400851;8BT
Middelfart Kommune;Gelstedvej 29 - Skole;29189684;410;1007;100;5500000;-1800;0;0;2016;21800000;1504600;0;0;2004;16300000;1506400;0;0;400851;8BU
Middelfart Kommune;Gelstedvej 29 - Skole;29189684;410;1007;100;5500000;-1800;0;0;2016;21800000;1504600;0;0;2004;16300000;1506400;0;0;400851;8BU
Middelfart Kommune;Gelstedvej 29 - Skole;29189684;410;1007;100;5500000;-1800;0;0;2016;21800000;1504600;0;0;2004;16300000;1506400;0;0;400851;8BU
Middelfart Kommune;Gelstedvej 29 - Skole;29189684;410;1007;100;5500000;-1800;0;0;2016;21800000;1504600;0;0;2004;16300000;1506400;0;0;400851;8BU
Middelfart kommune;Nørregade 1-3 - P.plads m/toilet;29189684;410;1015;100;30000;59800;0;0;2016;200000;199500;0;0;2004;170000;139700;0;0;400451;14BH
Middelfart kommune;Nørregade 1-3 - P.plads m/toilet;29189684;410;1015;100;30000;59800;0;0;2016;200000;199500;0;0;2004;170000;139700;0;0;400451;14BH
Middelfart kommune;Nørregade 1-3 - P.plads m/toilet;29189684;410;1015;100;30000;59800;0;0;2016;200000;199500;0;0;2004;170000;139700;0;0;400451;14DI
Middelfart kommune;Nørregade 1-3 - P.plads m/toilet;29189684;410;1015;100;30000;59800;0;0;2016;200000;199500;0;0;2004;170000;139700;0;0;400451;14DI
Middelfart kommune;Nørregade 6 - Jord;29189684;410;1018;100;369900;963700;0;0;2016;1519900;1519900;0;0;2004;1150000;556200;0;0;400451;3DS
Middelfart kommune;Nørregade 6 - Jord;29189684;410;1018;100;369900;963700;0;0;2016;1519900;1519900;0;0;2004;1150000;556200;0;0;400451;3DS
Middelfart kommune;Nørregade 6 - Jord;29189684;410;1018;100;369900;963700;0;0;2016;1519900;1519900;0;0;2004;1150000;556200;0;0;400451;3DS
Middelfart kommune;Nørregade 10;29189684;410;1020;100;-820400;42300;0;0;2016;179600;179600;0;0;2004;1000000;137300;0;0;400451;3BG
Middelfart kommune;Nørregade 10;29189684;410;1020;100;-820400;42300;0;0;2016;179600;179600;0;0;2004;1000000;137300;0;0;400451;3BG
Middelfart kommune;Nørregade 14;29189684;410;1024;100;-346400;25100;0;0;2016;83600;83600;0;0;2004;430000;58500;0;0;400451;3BA
Middelfart kommune;Nørregade 16;29189684;410;1026;100;-366400;56500;0;0;2016;173600;173600;0;0;2004;540000;117100;0;0;400451;3BB
Middelfart kommune;Nørregade 16;29189684;410;1026;100;-366400;56500;0;0;2016;173600;173600;0;0;2004;540000;117100;0;0;400451;3BB
Middelfart kommune;Nørregade 88 A;29189684;410;1096;100;0;0;0;0;2016;68700;68700;0;0;2004;68700;68700;0;0;400451;3GI
Middelfart Kommune;Nørregade 88 - Skole;29189684;410;1097;100;-1700000;0;0;0;2016;17800000;361400;0;0;2004;19500000;361400;0;0;400451;3DX
Middelfart Kommune;Nørregade 88 - Skole;29189684;410;1097;100;-1700000;0;0;0;2016;17800000;361400;0;0;2004;19500000;361400;0;0;400451;3DX
Middelfart Kommune;Nørregade 88 - Skole;29189684;410;1097;100;-1700000;0;0;0;2016;17800000;361400;0;0;2004;19500000;361400;0;0;400451;3DX
Middelfart Kommune;Nørregade 88 - Skole;29189684;410;1097;100;-1700000;0;0;0;2016;17800000;361400;0;0;2004;19500000;361400;0;0;400451;3HE
Middelfart Kommune;Nørregade 88 - Skole;29189684;410;1097;100;-1700000;0;0;0;2016;17800000;361400;0;0;2004;19500000;361400;0;0;400451;3HE
Middelfart Kommune;Nørregade 88 - Skole;29189684;410;1097;100;-1700000;0;0;0;2016;17800000;361400;0;0;2004;19500000;361400;0;0;400451;3HE
Middelfart Kommune;Nørregade 88 - Skole;29189684;410;1097;100;-1700000;0;0;0;2016;17800000;361400;0;0;2004;19500000;361400;0;0;400451;3HF
Middelfart Kommune;Nørregade 88 - Skole;29189684;410;1097;100;-1700000;0;0;0;2016;17800000;361400;0;0;2004;19500000;361400;0;0;400451;3HF
Middelfart Kommune;Nørregade 88 - Skole;29189684;410;1097;100;-1700000;0;0;0;2016;17800000;361400;0;0;2004;19500000;361400;0;0;400451;3HF
Middelfart kommune;Anlægsvej 501-Bep.bælte m.m.;29189684;410;1107;100;-1515300;-1515300;0;0;2016;2526400;2526400;0;0;2004;4041700;4041700;0;0;400451;23P
Middelfart kommune;Anlægsvej 501-Bep.bælte m.m.;29189684;410;1107;100;-1515300;-1515300;0;0;2016;2526400;2526400;0;0;2004;4041700;4041700;0;0;400451;23P
Middelfart kommune;Anlægsvej 501-Bep.bælte m.m.;29189684;410;1107;100;-1515300;-1515300;0;0;2016;2526400;2526400;0;0;2004;4041700;4041700;0;0;400451;23CC
Middelfart kommune;Anlægsvej 501-Bep.bælte m.m.;29189684;410;1107;100;-1515300;-1515300;0;0;2016;2526400;2526400;0;0;2004;4041700;4041700;0;0;400451;23CC
Middelfart kommune;Ridderstien 31;29189684;410;1143;100;-190000;64200;-485200;-6400;2016;730000;217200;0;0;2004;920000;153000;485200;6400;400553;8C
Middelfart kommune;Ridderstien 31;29189684;410;1143;100;-190000;64200;-485200;-6400;2016;730000;217200;0;0;2004;920000;153000;485200;6400;400553;8C
Middelfart kommune;Ridderstien 31;29189684;410;1143;100;-190000;64200;-485200;-6400;2016;730000;217200;0;0;2004;920000;153000;485200;6400;400553;8C
Middelfart kommune;Ridderstien 31;29189684;410;1143;100;-190000;64200;-485200;-6400;2016;730000;217200;0;0;2004;920000;153000;485200;6400;400553;8C
Middelfart kommune;Ridderstien 31;29189684;410;1143;100;-190000;64200;-485200;-6400;2016;730000;217200;0;0;2004;920000;153000;485200;6400;400553;37A
Middelfart kommune;Ridderstien 31;29189684;410;1143;100;-190000;64200;-485200;-6400;2016;730000;217200;0;0;2004;920000;153000;485200;6400;400553;37A
Middelfart kommune;Ridderstien 31;29189684;410;1143;100;-190000;64200;-485200;-6400;2016;730000;217200;0;0;2004;920000;153000;485200;6400;400553;37A
Middelfart kommune;Ridderstien 31;29189684;410;1143;100;-190000;64200;-485200;-6400;2016;730000;217200;0;0;2004;920000;153000;485200;6400;400553;37A
Middelfart kommune;Rugårdsvej 62;29189684;410;1209;100;130000;13900;0;0;2016;450000;95800;0;0;2004;320000;81900;0;0;400952;105B
Middelfart kommune;Fruerhøjvej 12;29189684;410;1261;100;42200;42200;0;0;2016;175700;175700;0;0;2004;133500;133500;0;0;400353;14S
Middelfart Kommune;Havrevænget 501 - Gr.omr.;29189684;410;1396;100;-209800;-209800;0;0;2016;223900;223900;0;0;2004;433700;433700;0;0;400353;6K
Middelfart Kommune;Havrevænget 501 - Gr.omr.;29189684;410;1396;100;-209800;-209800;0;0;2016;223900;223900;0;0;2004;433700;433700;0;0;400353;6K
Middelfart Kommune;Havrevænget 501 - Gr.omr.;29189684;410;1396;100;-209800;-209800;0;0;2016;223900;223900;0;0;2004;433700;433700;0;0;400353;8F
Middelfart Kommune;Havrevænget 501 - Gr.omr.;29189684;410;1396;100;-209800;-209800;0;0;2016;223900;223900;0;0;2004;433700;433700;0;0;400353;8F
Middelfart Kommune;Stationsvej 25 (5464) Lokalarkiv;29189684;410;1410;100;-150000;189300;0;0;2016;1550000;797700;0;0;2004;1700000;608400;0;0;400351;17A
Middelfart Kommune;Stationsvej 25 (5464) Lokalarkiv;29189684;410;1410;100;-150000;189300;0;0;2016;1550000;797700;0;0;2004;1700000;608400;0;0;400351;17A
Middelfart Kommune;Stationsvej 25 (5464) Lokalarkiv;29189684;410;1410;100;-150000;189300;0;0;2016;1550000;797700;0;0;2004;1700000;608400;0;0;400351;17D
Middelfart Kommune;Stationsvej 25 (5464) Lokalarkiv;29189684;410;1410;100;-150000;189300;0;0;2016;1550000;797700;0;0;2004;1700000;608400;0;0;400351;17D
Middelfart Kommune;Stationsvej 24;29189684;410;1412;100;6150000;716900;0;0;2016;9200000;1469900;0;0;2004;3050000;753000;0;0;400359;1T
Middelfart Kommune;Stationsvej 24;29189684;410;1412;100;6150000;716900;0;0;2016;9200000;1469900;0;0;2004;3050000;753000;0;0;400359;1T
Middelfart Kommune;Stationsvej 24;29189684;410;1412;100;6150000;716900;0;0;2016;9200000;1469900;0;0;2004;3050000;753000;0;0;400359;1T
Middelfart Kommune;Stationsvej 24;29189684;410;1412;100;6150000;716900;0;0;2016;9200000;1469900;0;0;2004;3050000;753000;0;0;400359;1T
Middelfart Kommune;Stationsvej 24;29189684;410;1412;100;6150000;716900;0;0;2016;9200000;1469900;0;0;2004;3050000;753000;0;0;400359;1T
Middelfart Kommune;Stationsvej 24;29189684;410;1412;100;6150000;716900;0;0;2016;9200000;1469900;0;0;2004;3050000;753000;0;0;400359;1T
Middelfart Kommune;Stationsvej 24;29189684;410;1412;100;6150000;716900;0;0;2016;9200000;1469900;0;0;2004;3050000;753000;0;0;400359;1V
Middelfart Kommune;Stationsvej 24;29189684;410;1412;100;6150000;716900;0;0;2016;9200000;1469900;0;0;2004;3050000;753000;0;0;400359;1V
Middelfart Kommune;Stationsvej 24;29189684;410;1412;100;6150000;716900;0;0;2016;9200000;1469900;0;0;2004;3050000;753000;0;0;400359;1V
Middelfart Kommune;Stationsvej 24;29189684;410;1412;100;6150000;716900;0;0;2016;9200000;1469900;0;0;2004;3050000;753000;0;0;400359;1V
Middelfart Kommune;Stationsvej 24;29189684;410;1412;100;6150000;716900;0;0;2016;9200000;1469900;0;0;2004;3050000;753000;0;0;400359;1V
Middelfart Kommune;Stationsvej 24;29189684;410;1412;100;6150000;716900;0;0;2016;9200000;1469900;0;0;2004;3050000;753000;0;0;400359;1V
Middelfart Kommune;Stationsvej 24;29189684;410;1412;100;6150000;716900;0;0;2016;9200000;1469900;0;0;2004;3050000;753000;0;0;400359;1AC
Middelfart Kommune;Stationsvej 24;29189684;410;1412;100;6150000;716900;0;0;2016;9200000;1469900;0;0;2004;3050000;753000;0;0;400359;1AC
Middelfart Kommune;Stationsvej 24;29189684;410;1412;100;6150000;716900;0;0;2016;9200000;1469900;0;0;2004;3050000;753000;0;0;400359;1AC
Middelfart Kommune;Stationsvej 24;29189684;410;1412;100;6150000;716900;0;0;2016;9200000;1469900;0;0;2004;3050000;753000;0;0;400359;1AC
Middelfart Kommune;Stationsvej 24;29189684;410;1412;100;6150000;716900;0;0;2016;9200000;1469900;0;0;2004;3050000;753000;0;0;400359;1AC
Middelfart Kommune;Stationsvej 24;29189684;410;1412;100;6150000;716900;0;0;2016;9200000;1469900;0;0;2004;3050000;753000;0;0;400359;1AC
Entreprenørgården;Feddet 6 - Strandareal;29189684;410;2117;100;230000;188600;0;0;2016;610000;472200;0;0;2004;380000;283600;0;0;400360;1G
Entreprenørgården;Feddet 6 - Strandareal;29189684;410;2117;100;230000;188600;0;0;2016;610000;472200;0;0;2004;380000;283600;0;0;400360;1G
Entreprenørgården;Feddet 6 - Strandareal;29189684;410;2117;100;230000;188600;0;0;2016;610000;472200;0;0;2004;380000;283600;0;0;400360;1G
Entreprenørgården;Feddet 6 - Strandareal;29189684;410;2117;100;230000;188600;0;0;2016;610000;472200;0;0;2004;380000;283600;0;0;400360;1G
Entreprenørgården;Feddet 6 - Strandareal;29189684;410;2117;100;230000;188600;0;0;2016;610000;472200;0;0;2004;380000;283600;0;0;400360;1H
Entreprenørgården;Feddet 6 - Strandareal;29189684;410;2117;100;230000;188600;0;0;2016;610000;472200;0;0;2004;380000;283600;0;0;400360;1H
Entreprenørgården;Feddet 6 - Strandareal;29189684;410;2117;100;230000;188600;0;0;2016;610000;472200;0;0;2004;380000;283600;0;0;400360;1H
Entreprenørgården;Feddet 6 - Strandareal;29189684;410;2117;100;230000;188600;0;0;2016;610000;472200;0;0;2004;380000;283600;0;0;400360;1H
Entreprenørgården;Feddet 6 - Strandareal;29189684;410;2117;100;230000;188600;0;0;2016;610000;472200;0;0;2004;380000;283600;0;0;400360;1K
Entreprenørgården;Feddet 6 - Strandareal;29189684;410;2117;100;230000;188600;0;0;2016;610000;472200;0;0;2004;380000;283600;0;0;400360;1K
Entreprenørgården;Feddet 6 - Strandareal;29189684;410;2117;100;230000;188600;0;0;2016;610000;472200;0;0;2004;380000;283600;0;0;400360;1K
Entreprenørgården;Feddet 6 - Strandareal;29189684;410;2117;100;230000;188600;0;0;2016;610000;472200;0;0;2004;380000;283600;0;0;400360;1K
Entreprenørgården;Feddet 6 - Strandareal;29189684;410;2117;100;230000;188600;0;0;2016;610000;472200;0;0;2004;380000;283600;0;0;400360;1DG
Entreprenørgården;Feddet 6 - Strandareal;29189684;410;2117;100;230000;188600;0;0;2016;610000;472200;0;0;2004;380000;283600;0;0;400360;1DG
Entreprenørgården;Feddet 6 - Strandareal;29189684;410;2117;100;230000;188600;0;0;2016;610000;472200;0;0;2004;380000;283600;0;0;400360;1DG
Entreprenørgården;Feddet 6 - Strandareal;29189684;410;2117;100;230000;188600;0;0;2016;610000;472200;0;0;2004;380000;283600;0;0;400360;1DG
Middelfart Kommune;Granlyvej 12-Samlingshus/toilet;29189684;410;2259;100;0;36800;0;0;2016;290000;92000;0;0;2004;290000;55200;0;0;400251;2D
Middelfart kommune;Granlyvej 6 A;29189684;410;2285;100;58400;58400;0;0;2016;148300;148300;0;0;2004;89900;89900;0;0;400251;16E
Middelfart kommune;Mindevej 1,Balslev;29189684;410;2306;100;1200;1200;0;0;2016;2400;2400;0;0;2004;1200;1200;0;0;400251;23B
Middelfart kommune;Ejby Mose 61;29189684;410;2537;100;-2430000;-2560500;0;0;2016;420000;237300;0;0;2004;2850000;2797800;0;0;400451;6AA
Middelfart kommune;Ejby Mose 61;29189684;410;2537;100;-2430000;-2560500;0;0;2016;420000;237300;0;0;2004;2850000;2797800;0;0;400451;6AA
Middelfart kommune;Ejby Mose 61;29189684;410;2537;100;-2430000;-2560500;0;0;2016;420000;237300;0;0;2004;2850000;2797800;0;0;400451;6AA
Middelfart kommune;Ejby Mose 61;29189684;410;2537;100;-2430000;-2560500;0;0;2016;420000;237300;0;0;2004;2850000;2797800;0;0;400451;6AA
Middelfart kommune;Ejby Mose 61;29189684;410;2537;100;-2430000;-2560500;0;0;2016;420000;237300;0;0;2004;2850000;2797800;0;0;400451;6AA
Middelfart kommune;Ejby Mose 61;29189684;410;2537;100;-2430000;-2560500;0;0;2016;420000;237300;0;0;2004;2850000;2797800;0;0;400451;6AA
Middelfart kommune;Ejby Mose 61;29189684;410;2537;100;-2430000;-2560500;0;0;2016;420000;237300;0;0;2004;2850000;2797800;0;0;400451;6AA
Middelfart kommune;Ejby Mose 61;29189684;410;2537;100;-2430000;-2560500;0;0;2016;420000;237300;0;0;2004;2850000;2797800;0;0;400854;6AA
Middelfart kommune;Ejby Mose 61;29189684;410;2537;100;-2430000;-2560500;0;0;2016;420000;237300;0;0;2004;2850000;2797800;0;0;400451;6AA
Middelfart kommune;Ejby Mose 61;29189684;410;2537;100;-2430000;-2560500;0;0;2016;420000;237300;0;0;2004;2850000;2797800;0;0;400451;6AA
Middelfart kommune;Ejby Mose 61;29189684;410;2537;100;-2430000;-2560500;0;0;2016;420000;237300;0;0;2004;2850000;2797800;0;0;400451;6AA
Middelfart kommune;Ejby Mose 61;29189684;410;2537;100;-2430000;-2560500;0;0;2016;420000;237300;0;0;2004;2850000;2797800;0;0;400451;6AN
Middelfart kommune;Ejby Mose 61;29189684;410;2537;100;-2430000;-2560500;0;0;2016;420000;237300;0;0;2004;2850000;2797800;0;0;400451;6AN
Middelfart kommune;Ejby Mose 61;29189684;410;2537;100;-2430000;-2560500;0;0;2016;420000;237300;0;0;2004;2850000;2797800;0;0;400451;6AN
Middelfart kommune;Ejby Mose 61;29189684;410;2537;100;-2430000;-2560500;0;0;2016;420000;237300;0;0;2004;2850000;2797800;0;0;400451;6AN
Middelfart kommune;Ejby Mose 61;29189684;410;2537;100;-2430000;-2560500;0;0;2016;420000;237300;0;0;2004;2850000;2797800;0;0;400451;6AN
Middelfart kommune;Ejby Mose 61;29189684;410;2537;100;-2430000;-2560500;0;0;2016;420000;237300;0;0;2004;2850000;2797800;0;0;400451;6AN
Middelfart kommune;Ejby Mose 61;29189684;410;2537;100;-2430000;-2560500;0;0;2016;420000;237300;0;0;2004;2850000;2797800;0;0;400451;6AN
Middelfart kommune;Ejby Mose 61;29189684;410;2537;100;-2430000;-2560500;0;0;2016;420000;237300;0;0;2004;2850000;2797800;0;0;400854;6AN
Middelfart kommune;Ejby Mose 61;29189684;410;2537;100;-2430000;-2560500;0;0;2016;420000;237300;0;0;2004;2850000;2797800;0;0;400451;6AN
Middelfart kommune;Ejby Mose 61;29189684;410;2537;100;-2430000;-2560500;0;0;2016;420000;237300;0;0;2004;2850000;2797800;0;0;400451;6AN
Middelfart kommune;Ejby Mose 61;29189684;410;2537;100;-2430000;-2560500;0;0;2016;420000;237300;0;0;2004;2850000;2797800;0;0;400451;6AN
Middelfart kommune;Ejby Mose 61;29189684;410;2537;100;-2430000;-2560500;0;0;2016;420000;237300;0;0;2004;2850000;2797800;0;0;400451;6AO
Middelfart kommune;Ejby Mose 61;29189684;410;2537;100;-2430000;-2560500;0;0;2016;420000;237300;0;0;2004;2850000;2797800;0;0;400451;6AO
Middelfart kommune;Ejby Mose 61;29189684;410;2537;100;-2430000;-2560500;0;0;2016;420000;237300;0;0;2004;2850000;2797800;0;0;400451;6AO
Middelfart kommune;Ejby Mose 61;29189684;410;2537;100;-2430000;-2560500;0;0;2016;420000;237300;0;0;2004;2850000;2797800;0;0;400451;6AO
Middelfart kommune;Ejby Mose 61;29189684;410;2537;100;-2430000;-2560500;0;0;2016;420000;237300;0;0;2004;2850000;2797800;0;0;400451;6AO
Middelfart kommune;Ejby Mose 61;29189684;410;2537;100;-2430000;-2560500;0;0;2016;420000;237300;0;0;2004;2850000;2797800;0;0;400451;6AO
Middelfart kommune;Ejby Mose 61;29189684;410;2537;100;-2430000;-2560500;0;0;2016;420000;237300;0;0;2004;2850000;2797800;0;0;400451;6AO
Middelfart kommune;Ejby Mose 61;29189684;410;2537;100;-2430000;-2560500;0;0;2016;420000;237300;0;0;2004;2850000;2797800;0;0;400854;6AO
Middelfart kommune;Ejby Mose 61;29189684;410;2537;100;-2430000;-2560500;0;0;2016;420000;237300;0;0;2004;2850000;2797800;0;0;400451;6AO
Middelfart kommune;Ejby Mose 61;29189684;410;2537;100;-2430000;-2560500;0;0;2016;420000;237300;0;0;2004;2850000;2797800;0;0;400451;6AO
Middelfart kommune;Ejby Mose 61;29189684;410;2537;100;-2430000;-2560500;0;0;2016;420000;237300;0;0;2004;2850000;2797800;0;0;400451;6AO
Middelfart kommune;Ejby Mose 61;29189684;410;2537;100;-2430000;-2560500;0;0;2016;420000;237300;0;0;2004;2850000;2797800;0;0;400451;6AR
Middelfart kommune;Ejby Mose 61;29189684;410;2537;100;-2430000;-2560500;0;0;2016;420000;237300;0;0;2004;2850000;2797800;0;0;400451;6AR
Middelfart kommune;Ejby Mose 61;29189684;410;2537;100;-2430000;-2560500;0;0;2016;420000;237300;0;0;2004;2850000;2797800;0;0;400451;6AR
Middelfart kommune;Ejby Mose 61;29189684;410;2537;100;-2430000;-2560500;0;0;2016;420000;237300;0;0;2004;2850000;2797800;0;0;400451;6AR
Middelfart kommune;Ejby Mose 61;29189684;410;2537;100;-2430000;-2560500;0;0;2016;420000;237300;0;0;2004;2850000;2797800;0;0;400451;6AR
Middelfart kommune;Ejby Mose 61;29189684;410;2537;100;-2430000;-2560500;0;0;2016;420000;237300;0;0;2004;2850000;2797800;0;0;400451;6AR
Middelfart kommune;Ejby Mose 61;29189684;410;2537;100;-2430000;-2560500;0;0;2016;420000;237300;0;0;2004;2850000;2797800;0;0;400451;6AR
Middelfart kommune;Ejby Mose 61;29189684;410;2537;100;-2430000;-2560500;0;0;2016;420000;237300;0;0;2004;2850000;2797800;0;0;400854;6AR
Middelfart kommune;Ejby Mose 61;29189684;410;2537;100;-2430000;-2560500;0;0;2016;420000;237300;0;0;2004;2850000;2797800;0;0;400451;6AR
Middelfart kommune;Ejby Mose 61;29189684;410;2537;100;-2430000;-2560500;0;0;2016;420000;237300;0;0;2004;2850000;2797800;0;0;400451;6AR
Middelfart kommune;Ejby Mose 61;29189684;410;2537;100;-2430000;-2560500;0;0;2016;420000;237300;0;0;2004;2850000;2797800;0;0;400451;6AR
Middelfart kommune;Ejby Mose 61;29189684;410;2537;100;-2430000;-2560500;0;0;2016;420000;237300;0;0;2004;2850000;2797800;0;0;400451;7E
Middelfart kommune;Ejby Mose 61;29189684;410;2537;100;-2430000;-2560500;0;0;2016;420000;237300;0;0;2004;2850000;2797800;0;0;400451;7E
Middelfart kommune;Ejby Mose 61;29189684;410;2537;100;-2430000;-2560500;0;0;2016;420000;237300;0;0;2004;2850000;2797800;0;0;400451;7E
Middelfart kommune;Ejby Mose 61;29189684;410;2537;100;-2430000;-2560500;0;0;2016;420000;237300;0;0;2004;2850000;2797800;0;0;400451;7E
Middelfart kommune;Ejby Mose 61;29189684;410;2537;100;-2430000;-2560500;0;0;2016;420000;237300;0;0;2004;2850000;2797800;0;0;400451;7E
Middelfart kommune;Ejby Mose 61;29189684;410;2537;100;-2430000;-2560500;0;0;2016;420000;237300;0;0;2004;2850000;2797800;0;0;400451;7E
Middelfart kommune;Ejby Mose 61;29189684;410;2537;100;-2430000;-2560500;0;0;2016;420000;237300;0;0;2004;2850000;2797800;0;0;400451;7E
Middelfart kommune;Ejby Mose 61;29189684;410;2537;100;-2430000;-2560500;0;0;2016;420000;237300;0;0;2004;2850000;2797800;0;0;400854;7E
Middelfart kommune;Ejby Mose 61;29189684;410;2537;100;-2430000;-2560500;0;0;2016;420000;237300;0;0;2004;2850000;2797800;0;0;400451;7E
Middelfart kommune;Ejby Mose 61;29189684;410;2537;100;-2430000;-2560500;0;0;2016;420000;237300;0;0;2004;2850000;2797800;0;0;400451;7E
Middelfart kommune;Ejby Mose 61;29189684;410;2537;100;-2430000;-2560500;0;0;2016;420000;237300;0;0;2004;2850000;2797800;0;0;400451;7E
Middelfart kommune;Ejby Mose 61;29189684;410;2537;100;-2430000;-2560500;0;0;2016;420000;237300;0;0;2004;2850000;2797800;0;0;400451;7F
Middelfart kommune;Ejby Mose 61;29189684;410;2537;100;-2430000;-2560500;0;0;2016;420000;237300;0;0;2004;2850000;2797800;0;0;400451;7F
Middelfart kommune;Ejby Mose 61;29189684;410;2537;100;-2430000;-2560500;0;0;2016;420000;237300;0;0;2004;2850000;2797800;0;0;400451;7F
Middelfart kommune;Ejby Mose 61;29189684;410;2537;100;-2430000;-2560500;0;0;2016;420000;237300;0;0;2004;2850000;2797800;0;0;400451;7F
Middelfart kommune;Ejby Mose 61;29189684;410;2537;100;-2430000;-2560500;0;0;2016;420000;237300;0;0;2004;2850000;2797800;0;0;400451;7F
Middelfart kommune;Ejby Mose 61;29189684;410;2537;100;-2430000;-2560500;0;0;2016;420000;237300;0;0;2004;2850000;2797800;0;0;400451;7F
Middelfart kommune;Ejby Mose 61;29189684;410;2537;100;-2430000;-2560500;0;0;2016;420000;237300;0;0;2004;2850000;2797800;0;0;400451;7F
Middelfart kommune;Ejby Mose 61;29189684;410;2537;100;-2430000;-2560500;0;0;2016;420000;237300;0;0;2004;2850000;2797800;0;0;400854;7F
Middelfart kommune;Ejby Mose 61;29189684;410;2537;100;-2430000;-2560500;0;0;2016;420000;237300;0;0;2004;2850000;2797800;0;0;400451;7F
Middelfart kommune;Ejby Mose 61;29189684;410;2537;100;-2430000;-2560500;0;0;2016;420000;237300;0;0;2004;2850000;2797800;0;0;400451;7F
Middelfart kommune;Ejby Mose 61;29189684;410;2537;100;-2430000;-2560500;0;0;2016;420000;237300;0;0;2004;2850000;2797800;0;0;400451;7F
Middelfart kommune;Ejby Mose 61;29189684;410;2537;100;-2430000;-2560500;0;0;2016;420000;237300;0;0;2004;2850000;2797800;0;0;400451;7G
Middelfart kommune;Ejby Mose 61;29189684;410;2537;100;-2430000;-2560500;0;0;2016;420000;237300;0;0;2004;2850000;2797800;0;0;400451;7G
Middelfart kommune;Ejby Mose 61;29189684;410;2537;100;-2430000;-2560500;0;0;2016;420000;237300;0;0;2004;2850000;2797800;0;0;400451;7G
Middelfart kommune;Ejby Mose 61;29189684;410;2537;100;-2430000;-2560500;0;0;2016;420000;237300;0;0;2004;2850000;2797800;0;0;400451;7G
Middelfart kommune;Ejby Mose 61;29189684;410;2537;100;-2430000;-2560500;0;0;2016;420000;237300;0;0;2004;2850000;2797800;0;0;400451;7G
Middelfart kommune;Ejby Mose 61;29189684;410;2537;100;-2430000;-2560500;0;0;2016;420000;237300;0;0;2004;2850000;2797800;0;0;400451;7G
Middelfart kommune;Ejby Mose 61;29189684;410;2537;100;-2430000;-2560500;0;0;2016;420000;237300;0;0;2004;2850000;2797800;0;0;400451;7G
Middelfart kommune;Ejby Mose 61;29189684;410;2537;100;-2430000;-2560500;0;0;2016;420000;237300;0;0;2004;2850000;2797800;0;0;400854;7G
Middelfart kommune;Ejby Mose 61;29189684;410;2537;100;-2430000;-2560500;0;0;2016;420000;237300;0;0;2004;2850000;2797800;0;0;400451;7G
Middelfart kommune;Ejby Mose 61;29189684;410;2537;100;-2430000;-2560500;0;0;2016;420000;237300;0;0;2004;2850000;2797800;0;0;400451;7G
Middelfart kommune;Ejby Mose 61;29189684;410;2537;100;-2430000;-2560500;0;0;2016;420000;237300;0;0;2004;2850000;2797800;0;0;400451;7G
Middelfart kommune;Ejby Mose 61;29189684;410;2537;100;-2430000;-2560500;0;0;2016;420000;237300;0;0;2004;2850000;2797800;0;0;400451;32A
Middelfart kommune;Ejby Mose 61;29189684;410;2537;100;-2430000;-2560500;0;0;2016;420000;237300;0;0;2004;2850000;2797800;0;0;400451;32A
Middelfart kommune;Ejby Mose 61;29189684;410;2537;100;-2430000;-2560500;0;0;2016;420000;237300;0;0;2004;2850000;2797800;0;0;400451;32A
Middelfart kommune;Ejby Mose 61;29189684;410;2537;100;-2430000;-2560500;0;0;2016;420000;237300;0;0;2004;2850000;2797800;0;0;400451;32A
Middelfart kommune;Ejby Mose 61;29189684;410;2537;100;-2430000;-2560500;0;0;2016;420000;237300;0;0;2004;2850000;2797800;0;0;400451;32A
Middelfart kommune;Ejby Mose 61;29189684;410;2537;100;-2430000;-2560500;0;0;2016;420000;237300;0;0;2004;2850000;2797800;0;0;400451;32A
Middelfart kommune;Ejby Mose 61;29189684;410;2537;100;-2430000;-2560500;0;0;2016;420000;237300;0;0;2004;2850000;2797800;0;0;400451;32A
Middelfart kommune;Ejby Mose 61;29189684;410;2537;100;-2430000;-2560500;0;0;2016;420000;237300;0;0;2004;2850000;2797800;0;0;400854;32A
Middelfart kommune;Ejby Mose 61;29189684;410;2537;100;-2430000;-2560500;0;0;2016;420000;237300;0;0;2004;2850000;2797800;0;0;400451;32A
Middelfart kommune;Ejby Mose 61;29189684;410;2537;100;-2430000;-2560500;0;0;2016;420000;237300;0;0;2004;2850000;2797800;0;0;400451;32A
Middelfart kommune;Ejby Mose 61;29189684;410;2537;100;-2430000;-2560500;0;0;2016;420000;237300;0;0;2004;2850000;2797800;0;0;400451;32A
Middelfart kommune;Ejby Mose 61;29189684;410;2537;100;-2430000;-2560500;0;0;2016;420000;237300;0;0;2004;2850000;2797800;0;0;400451;7AD
Middelfart kommune;Ejby Mose 61;29189684;410;2537;100;-2430000;-2560500;0;0;2016;420000;237300;0;0;2004;2850000;2797800;0;0;400451;7AD
Middelfart kommune;Ejby Mose 61;29189684;410;2537;100;-2430000;-2560500;0;0;2016;420000;237300;0;0;2004;2850000;2797800;0;0;400451;7AD
Middelfart kommune;Ejby Mose 61;29189684;410;2537;100;-2430000;-2560500;0;0;2016;420000;237300;0;0;2004;2850000;2797800;0;0;400451;7AD
Middelfart kommune;Ejby Mose 61;29189684;410;2537;100;-2430000;-2560500;0;0;2016;420000;237300;0;0;2004;2850000;2797800;0;0;400451;7AD
Middelfart kommune;Ejby Mose 61;29189684;410;2537;100;-2430000;-2560500;0;0;2016;420000;237300;0;0;2004;2850000;2797800;0;0;400451;7AD
Middelfart kommune;Ejby Mose 61;29189684;410;2537;100;-2430000;-2560500;0;0;2016;420000;237300;0;0;2004;2850000;2797800;0;0;400451;7AD
Middelfart kommune;Ejby Mose 61;29189684;410;2537;100;-2430000;-2560500;0;0;2016;420000;237300;0;0;2004;2850000;2797800;0;0;400854;7AD
Middelfart kommune;Ejby Mose 61;29189684;410;2537;100;-2430000;-2560500;0;0;2016;420000;237300;0;0;2004;2850000;2797800;0;0;400451;7AD
Middelfart kommune;Ejby Mose 61;29189684;410;2537;100;-2430000;-2560500;0;0;2016;420000;237300;0;0;2004;2850000;2797800;0;0;400451;7AD
Middelfart kommune;Ejby Mose 61;29189684;410;2537;100;-2430000;-2560500;0;0;2016;420000;237300;0;0;2004;2850000;2797800;0;0;400451;7AD
Middelfart kommune;Ejby Mose 61;29189684;410;2537;100;-2430000;-2560500;0;0;2016;420000;237300;0;0;2004;2850000;2797800;0;0;400451;7AC
Middelfart kommune;Ejby Mose 61;29189684;410;2537;100;-2430000;-2560500;0;0;2016;420000;237300;0;0;2004;2850000;2797800;0;0;400451;7AC
Middelfart kommune;Ejby Mose 61;29189684;410;2537;100;-2430000;-2560500;0;0;2016;420000;237300;0;0;2004;2850000;2797800;0;0;400451;7AC
Middelfart kommune;Ejby Mose 61;29189684;410;2537;100;-2430000;-2560500;0;0;2016;420000;237300;0;0;2004;2850000;2797800;0;0;400451;7AC
Middelfart kommune;Ejby Mose 61;29189684;410;2537;100;-2430000;-2560500;0;0;2016;420000;237300;0;0;2004;2850000;2797800;0;0;400451;7AC
Middelfart kommune;Ejby Mose 61;29189684;410;2537;100;-2430000;-2560500;0;0;2016;420000;237300;0;0;2004;2850000;2797800;0;0;400451;7AC
Middelfart kommune;Ejby Mose 61;29189684;410;2537;100;-2430000;-2560500;0;0;2016;420000;237300;0;0;2004;2850000;2797800;0;0;400451;7AC
Middelfart kommune;Ejby Mose 61;29189684;410;2537;100;-2430000;-2560500;0;0;2016;420000;237300;0;0;2004;2850000;2797800;0;0;400854;7AC
Middelfart kommune;Ejby Mose 61;29189684;410;2537;100;-2430000;-2560500;0;0;2016;420000;237300;0;0;2004;2850000;2797800;0;0;400451;7AC
Middelfart kommune;Ejby Mose 61;29189684;410;2537;100;-2430000;-2560500;0;0;2016;420000;237300;0;0;2004;2850000;2797800;0;0;400451;7AC
Middelfart kommune;Ejby Mose 61;29189684;410;2537;100;-2430000;-2560500;0;0;2016;420000;237300;0;0;2004;2850000;2797800;0;0;400451;7AC
Middelfart kommune;Ejby Mose 61;29189684;410;2537;100;-2430000;-2560500;0;0;2016;420000;237300;0;0;2004;2850000;2797800;0;0;400451;5AF
Middelfart kommune;Ejby Mose 61;29189684;410;2537;100;-2430000;-2560500;0;0;2016;420000;237300;0;0;2004;2850000;2797800;0;0;400451;5AF
Middelfart kommune;Ejby Mose 61;29189684;410;2537;100;-2430000;-2560500;0;0;2016;420000;237300;0;0;2004;2850000;2797800;0;0;400451;5AF
Middelfart kommune;Ejby Mose 61;29189684;410;2537;100;-2430000;-2560500;0;0;2016;420000;237300;0;0;2004;2850000;2797800;0;0;400451;5AF
Middelfart kommune;Ejby Mose 61;29189684;410;2537;100;-2430000;-2560500;0;0;2016;420000;237300;0;0;2004;2850000;2797800;0;0;400451;5AF
Middelfart kommune;Ejby Mose 61;29189684;410;2537;100;-2430000;-2560500;0;0;2016;420000;237300;0;0;2004;2850000;2797800;0;0;400451;5AF
Middelfart kommune;Ejby Mose 61;29189684;410;2537;100;-2430000;-2560500;0;0;2016;420000;237300;0;0;2004;2850000;2797800;0;0;400451;5AF
Middelfart kommune;Ejby Mose 61;29189684;410;2537;100;-2430000;-2560500;0;0;2016;420000;237300;0;0;2004;2850000;2797800;0;0;400854;5AF
Middelfart kommune;Ejby Mose 61;29189684;410;2537;100;-2430000;-2560500;0;0;2016;420000;237300;0;0;2004;2850000;2797800;0;0;400451;5AF
Middelfart kommune;Ejby Mose 61;29189684;410;2537;100;-2430000;-2560500;0;0;2016;420000;237300;0;0;2004;2850000;2797800;0;0;400451;5AF
Middelfart kommune;Ejby Mose 61;29189684;410;2537;100;-2430000;-2560500;0;0;2016;420000;237300;0;0;2004;2850000;2797800;0;0;400451;5AF
Middelfart Kommune;Fjellerupvej 26 - Skole;29189684;410;2663;100;2300000;222900;0;0;2016;9500000;540600;0;0;2004;7200000;317700;0;0;400552;2G
Middelfart Kommune;Fjellerupvej 26 - Skole;29189684;410;2663;100;2300000;222900;0;0;2016;9500000;540600;0;0;2004;7200000;317700;0;0;400552;2G
Middelfart Kommune;Fjellerupvej 26 - Skole;29189684;410;2663;100;2300000;222900;0;0;2016;9500000;540600;0;0;2004;7200000;317700;0;0;400552;2I
Middelfart Kommune;Fjellerupvej 26 - Skole;29189684;410;2663;100;2300000;222900;0;0;2016;9500000;540600;0;0;2004;7200000;317700;0;0;400552;2I
Middelfart kommune;Ejby Mose 31;29189684;410;2910;100;52900;52900;0;0;2016;105700;105700;0;0;2004;52800;52800;0;0;400451;14FA
Middelfart kommune;Solvænget 30;29189684;410;2913;100;15900;15900;0;0;2016;116500;116500;0;0;2004;100600;100600;0;0;400451;16BG
Middelfart kommune;Kobbermosevej 6;29189684;410;2917;100;8800;8800;0;0;2016;17600;17600;0;0;2004;8800;8800;0;0;400851;1H
Middelfart kommune;Storegade 17;29189684;410;3189;100;0;0;0;0;2016;155600;155600;0;0;2004;155600;155600;0;0;401055;18Q
Middelfart Kommune;Tanderupvej 53;29189684;410;3887;100;-50000;0;0;0;2016;430000;0;0;0;2004;480000;0;0;0;391853;1P
Middelfart Kommune;Tanderupvej 51 - Skole;29189684;410;3903;100;-3850000;91800;0;0;2016;2650000;408100;0;0;2004;6500000;316300;0;0;391853;1P
Middelfart Kommune;Tanderupvej 51 - Skole;29189684;410;3903;100;-3850000;91800;0;0;2016;2650000;408100;0;0;2004;6500000;316300;0;0;391853;1P
Middelfart Kommune;Tanderupvej 51 - Skole;29189684;410;3903;100;-3850000;91800;0;0;2016;2650000;408100;0;0;2004;6500000;316300;0;0;391853;1AT
Middelfart Kommune;Tanderupvej 51 - Skole;29189684;410;3903;100;-3850000;91800;0;0;2016;2650000;408100;0;0;2004;6500000;316300;0;0;391853;1AT
Middelfart kommune;Tåruplundvej 3, Børnehave;29189684;410;3965;100;1350000;82100;0;0;2016;2450000;449300;0;0;2004;1100000;367200;0;0;400856;10BF
Ejby Skole;Halvej 9;29189684;410;4212;100;45500;-2300;0;0;2016;330000;282200;0;0;2004;284500;284500;0;0;400451;3HÆ
Ejby Skole;Halvej 9;29189684;410;4212;100;45500;-2300;0;0;2016;330000;282200;0;0;2004;284500;284500;0;0;400451;3HÆ
Ejby Skole;Halvej 9;29189684;410;4212;100;45500;-2300;0;0;2016;330000;282200;0;0;2004;284500;284500;0;0;400451;3KR
Ejby Skole;Halvej 9;29189684;410;4212;100;45500;-2300;0;0;2016;330000;282200;0;0;2004;284500;284500;0;0;400451;3KR
Middelfart Kommune;Søndergade 76(5591)Markedsplads;29189684;410;4318;100;-42200;-42200;0;0;2016;594800;594800;0;0;2004;637000;637000;0;0;400851;3C
Middelfart Kommune;Søndergade 76(5591)Markedsplads;29189684;410;4318;100;-42200;-42200;0;0;2016;594800;594800;0;0;2004;637000;637000;0;0;400855;3C
Middelfart Kommune;Søndergade 76(5591)Markedsplads;29189684;410;4318;100;-42200;-42200;0;0;2016;594800;594800;0;0;2004;637000;637000;0;0;400851;3C
Middelfart Kommune;Søndergade 76(5591)Markedsplads;29189684;410;4318;100;-42200;-42200;0;0;2016;594800;594800;0;0;2004;637000;637000;0;0;400855;3C
Middelfart Kommune;Søndergade 76(5591)Markedsplads;29189684;410;4318;100;-42200;-42200;0;0;2016;594800;594800;0;0;2004;637000;637000;0;0;400851;3C
Middelfart Kommune;Søndergade 76(5591)Markedsplads;29189684;410;4318;100;-42200;-42200;0;0;2016;594800;594800;0;0;2004;637000;637000;0;0;400851;3C
Middelfart Kommune;Søndergade 76(5591)Markedsplads;29189684;410;4318;100;-42200;-42200;0;0;2016;594800;594800;0;0;2004;637000;637000;0;0;400851;4C
Middelfart Kommune;Søndergade 76(5591)Markedsplads;29189684;410;4318;100;-42200;-42200;0;0;2016;594800;594800;0;0;2004;637000;637000;0;0;400855;4C
Middelfart Kommune;Søndergade 76(5591)Markedsplads;29189684;410;4318;100;-42200;-42200;0;0;2016;594800;594800;0;0;2004;637000;637000;0;0;400851;4C
Middelfart Kommune;Søndergade 76(5591)Markedsplads;29189684;410;4318;100;-42200;-42200;0;0;2016;594800;594800;0;0;2004;637000;637000;0;0;400855;4C
Middelfart Kommune;Søndergade 76(5591)Markedsplads;29189684;410;4318;100;-42200;-42200;0;0;2016;594800;594800;0;0;2004;637000;637000;0;0;400851;4C
Middelfart Kommune;Søndergade 76(5591)Markedsplads;29189684;410;4318;100;-42200;-42200;0;0;2016;594800;594800;0;0;2004;637000;637000;0;0;400851;4C
Middelfart Kommune;Søndergade 76(5591)Markedsplads;29189684;410;4318;100;-42200;-42200;0;0;2016;594800;594800;0;0;2004;637000;637000;0;0;400851;6DA
Middelfart Kommune;Søndergade 76(5591)Markedsplads;29189684;410;4318;100;-42200;-42200;0;0;2016;594800;594800;0;0;2004;637000;637000;0;0;400855;6DA
Middelfart Kommune;Søndergade 76(5591)Markedsplads;29189684;410;4318;100;-42200;-42200;0;0;2016;594800;594800;0;0;2004;637000;637000;0;0;400851;6DA
Middelfart Kommune;Søndergade 76(5591)Markedsplads;29189684;410;4318;100;-42200;-42200;0;0;2016;594800;594800;0;0;2004;637000;637000;0;0;400855;6DA
Middelfart Kommune;Søndergade 76(5591)Markedsplads;29189684;410;4318;100;-42200;-42200;0;0;2016;594800;594800;0;0;2004;637000;637000;0;0;400851;6DA
Middelfart Kommune;Søndergade 76(5591)Markedsplads;29189684;410;4318;100;-42200;-42200;0;0;2016;594800;594800;0;0;2004;637000;637000;0;0;400851;6DA
Middelfart Kommune;Søndergade 76(5591)Markedsplads;29189684;410;4318;100;-42200;-42200;0;0;2016;594800;594800;0;0;2004;637000;637000;0;0;400851;6DV
Middelfart Kommune;Søndergade 76(5591)Markedsplads;29189684;410;4318;100;-42200;-42200;0;0;2016;594800;594800;0;0;2004;637000;637000;0;0;400855;6DV
Middelfart Kommune;Søndergade 76(5591)Markedsplads;29189684;410;4318;100;-42200;-42200;0;0;2016;594800;594800;0;0;2004;637000;637000;0;0;400851;6DV
Middelfart Kommune;Søndergade 76(5591)Markedsplads;29189684;410;4318;100;-42200;-42200;0;0;2016;594800;594800;0;0;2004;637000;637000;0;0;400855;6DV
Middelfart Kommune;Søndergade 76(5591)Markedsplads;29189684;410;4318;100;-42200;-42200;0;0;2016;594800;594800;0;0;2004;637000;637000;0;0;400851;6DV
Middelfart Kommune;Søndergade 76(5591)Markedsplads;29189684;410;4318;100;-42200;-42200;0;0;2016;594800;594800;0;0;2004;637000;637000;0;0;400851;6DV
Middelfart Kommune;Søndergade 76(5591)Markedsplads;29189684;410;4318;100;-42200;-42200;0;0;2016;594800;594800;0;0;2004;637000;637000;0;0;400851;3AV
Middelfart Kommune;Søndergade 76(5591)Markedsplads;29189684;410;4318;100;-42200;-42200;0;0;2016;594800;594800;0;0;2004;637000;637000;0;0;400855;3AV
Middelfart Kommune;Søndergade 76(5591)Markedsplads;29189684;410;4318;100;-42200;-42200;0;0;2016;594800;594800;0;0;2004;637000;637000;0;0;400851;3AV
Middelfart Kommune;Søndergade 76(5591)Markedsplads;29189684;410;4318;100;-42200;-42200;0;0;2016;594800;594800;0;0;2004;637000;637000;0;0;400855;3AV
Middelfart Kommune;Søndergade 76(5591)Markedsplads;29189684;410;4318;100;-42200;-42200;0;0;2016;594800;594800;0;0;2004;637000;637000;0;0;400851;3AV
Middelfart Kommune;Søndergade 76(5591)Markedsplads;29189684;410;4318;100;-42200;-42200;0;0;2016;594800;594800;0;0;2004;637000;637000;0;0;400851;3AV
Middelfart Kommune;Søndergade 76(5591)Markedsplads;29189684;410;4318;100;-42200;-42200;0;0;2016;594800;594800;0;0;2004;637000;637000;0;0;400851;4DU
Middelfart Kommune;Søndergade 76(5591)Markedsplads;29189684;410;4318;100;-42200;-42200;0;0;2016;594800;594800;0;0;2004;637000;637000;0;0;400855;4DU
Middelfart Kommune;Søndergade 76(5591)Markedsplads;29189684;410;4318;100;-42200;-42200;0;0;2016;594800;594800;0;0;2004;637000;637000;0;0;400851;4DU
Middelfart Kommune;Søndergade 76(5591)Markedsplads;29189684;410;4318;100;-42200;-42200;0;0;2016;594800;594800;0;0;2004;637000;637000;0;0;400855;4DU
Middelfart Kommune;Søndergade 76(5591)Markedsplads;29189684;410;4318;100;-42200;-42200;0;0;2016;594800;594800;0;0;2004;637000;637000;0;0;400851;4DU
Middelfart Kommune;Søndergade 76(5591)Markedsplads;29189684;410;4318;100;-42200;-42200;0;0;2016;594800;594800;0;0;2004;637000;637000;0;0;400851;4DU
Middelfart kommune;Toftevej;29189684;410;4320;100;5400;5400;0;0;2016;16000;16000;0;0;2004;10600;10600;0;0;400851;4DX
Middelfart kommune;Toftevej;29189684;410;4320;100;5400;5400;0;0;2016;16000;16000;0;0;2004;10600;10600;0;0;400851;4DX
Middelfart kommune;Toftevej;29189684;410;4320;100;5400;5400;0;0;2016;16000;16000;0;0;2004;10600;10600;0;0;400851;4DX
Middelfart kommune;Toftevej;29189684;410;4320;100;5400;5400;0;0;2016;16000;16000;0;0;2004;10600;10600;0;0;400851;4DX
Middelfart kommune;Toftevej;29189684;410;4320;100;5400;5400;0;0;2016;16000;16000;0;0;2004;10600;10600;0;0;400851;4DZ
Middelfart kommune;Toftevej;29189684;410;4320;100;5400;5400;0;0;2016;16000;16000;0;0;2004;10600;10600;0;0;400851;4DZ
Middelfart kommune;Toftevej;29189684;410;4320;100;5400;5400;0;0;2016;16000;16000;0;0;2004;10600;10600;0;0;400851;4DZ
Middelfart kommune;Toftevej;29189684;410;4320;100;5400;5400;0;0;2016;16000;16000;0;0;2004;10600;10600;0;0;400851;4DZ
Middelfart kommune;Toftevej;29189684;410;4320;100;5400;5400;0;0;2016;16000;16000;0;0;2004;10600;10600;0;0;400851;4DY
Middelfart kommune;Toftevej;29189684;410;4320;100;5400;5400;0;0;2016;16000;16000;0;0;2004;10600;10600;0;0;400851;4DY
Middelfart kommune;Toftevej;29189684;410;4320;100;5400;5400;0;0;2016;16000;16000;0;0;2004;10600;10600;0;0;400851;4DY
Middelfart kommune;Toftevej;29189684;410;4320;100;5400;5400;0;0;2016;16000;16000;0;0;2004;10600;10600;0;0;400851;4DY
Middelfart kommune;Toftevej;29189684;410;4320;100;5400;5400;0;0;2016;16000;16000;0;0;2004;10600;10600;0;0;400851;4CB
Middelfart kommune;Toftevej;29189684;410;4320;100;5400;5400;0;0;2016;16000;16000;0;0;2004;10600;10600;0;0;400851;4CB
Middelfart kommune;Toftevej;29189684;410;4320;100;5400;5400;0;0;2016;16000;16000;0;0;2004;10600;10600;0;0;400851;4CB
Middelfart kommune;Toftevej;29189684;410;4320;100;5400;5400;0;0;2016;16000;16000;0;0;2004;10600;10600;0;0;400851;4CB
Middelfart kommune;Granlyvej 3;29189684;410;4343;100;6800;6800;0;0;2016;17100;17100;0;0;2004;10300;10300;0;0;400251;1U
Middelfart kommune;Åvænget 32;29189684;410;4434;100;38300;38300;0;0;2016;208400;208400;0;0;2004;170100;170100;0;0;400952;16Q
Middelfart kommune;Åkrogen 6;29189684;410;4435;100;21500;21500;0;0;2016;121700;121700;0;0;2004;100200;100200;0;0;400952;16R
Middelfart kommune;Åkrogen 18;29189684;410;4452;100;29500;29500;0;0;2016;157300;157300;0;0;2004;127800;127800;0;0;400952;16Z
Middelart Kommune;Halvej 3 - Børnehave;29189684;410;4496;100;1000000;0;0;0;2016;2500000;38700;0;0;2004;1500000;38700;0;0;400451;3KN
Middelfart kommune;Ejby Mose 3;29189684;410;4501;100;28100;28100;0;0;2016;212700;212700;0;0;2004;184600;184600;0;0;400451;3BQ
Middelfart kommune;Nørregade 91 A;29189684;410;4503;100;378400;378400;0;0;2016;1994300;1994300;0;0;2004;1615900;1615900;0;0;400451;10N
Middelfart kommune;Nørregade 91 A;29189684;410;4503;100;378400;378400;0;0;2016;1994300;1994300;0;0;2004;1615900;1615900;0;0;400451;10N
Middelfart kommune;Nørregade 91 A;29189684;410;4503;100;378400;378400;0;0;2016;1994300;1994300;0;0;2004;1615900;1615900;0;0;400451;10N
Middelfart kommune;Nørregade 91 A;29189684;410;4503;100;378400;378400;0;0;2016;1994300;1994300;0;0;2004;1615900;1615900;0;0;400451;10N
Middelfart kommune;Nørregade 91 A;29189684;410;4503;100;378400;378400;0;0;2016;1994300;1994300;0;0;2004;1615900;1615900;0;0;400854;10N
Middelfart kommune;Nørregade 91 A;29189684;410;4503;100;378400;378400;0;0;2016;1994300;1994300;0;0;2004;1615900;1615900;0;0;400451;10N
Middelfart kommune;Nørregade 91 A;29189684;410;4503;100;378400;378400;0;0;2016;1994300;1994300;0;0;2004;1615900;1615900;0;0;400451;10N
Middelfart kommune;Nørregade 91 A;29189684;410;4503;100;378400;378400;0;0;2016;1994300;1994300;0;0;2004;1615900;1615900;0;0;400451;10N
Middelfart kommune;Nørregade 91 A;29189684;410;4503;100;378400;378400;0;0;2016;1994300;1994300;0;0;2004;1615900;1615900;0;0;400451;10N
Middelfart kommune;Nørregade 91 A;29189684;410;4503;100;378400;378400;0;0;2016;1994300;1994300;0;0;2004;1615900;1615900;0;0;400451;10N
Middelfart kommune;Nørregade 91 A;29189684;410;4503;100;378400;378400;0;0;2016;1994300;1994300;0;0;2004;1615900;1615900;0;0;400451;10AT
Middelfart kommune;Nørregade 91 A;29189684;410;4503;100;378400;378400;0;0;2016;1994300;1994300;0;0;2004;1615900;1615900;0;0;400451;10AT
Middelfart kommune;Nørregade 91 A;29189684;410;4503;100;378400;378400;0;0;2016;1994300;1994300;0;0;2004;1615900;1615900;0;0;400451;10AT
Middelfart kommune;Nørregade 91 A;29189684;410;4503;100;378400;378400;0;0;2016;1994300;1994300;0;0;2004;1615900;1615900;0;0;400451;10AT
Middelfart kommune;Nørregade 91 A;29189684;410;4503;100;378400;378400;0;0;2016;1994300;1994300;0;0;2004;1615900;1615900;0;0;400854;10AT
Middelfart kommune;Nørregade 91 A;29189684;410;4503;100;378400;378400;0;0;2016;1994300;1994300;0;0;2004;1615900;1615900;0;0;400451;10AT
Middelfart kommune;Nørregade 91 A;29189684;410;4503;100;378400;378400;0;0;2016;1994300;1994300;0;0;2004;1615900;1615900;0;0;400451;10AT
Middelfart kommune;Nørregade 91 A;29189684;410;4503;100;378400;378400;0;0;2016;1994300;1994300;0;0;2004;1615900;1615900;0;0;400451;10AT
Middelfart kommune;Nørregade 91 A;29189684;410;4503;100;378400;378400;0;0;2016;1994300;1994300;0;0;2004;1615900;1615900;0;0;400451;10AT
Middelfart kommune;Nørregade 91 A;29189684;410;4503;100;378400;378400;0;0;2016;1994300;1994300;0;0;2004;1615900;1615900;0;0;400451;10AT
Middelfart kommune;Nørregade 91 A;29189684;410;4503;100;378400;378400;0;0;2016;1994300;1994300;0;0;2004;1615900;1615900;0;0;400451;36BQ
Middelfart kommune;Nørregade 91 A;29189684;410;4503;100;378400;378400;0;0;2016;1994300;1994300;0;0;2004;1615900;1615900;0;0;400451;36BQ
Middelfart kommune;Nørregade 91 A;29189684;410;4503;100;378400;378400;0;0;2016;1994300;1994300;0;0;2004;1615900;1615900;0;0;400451;36BQ
Middelfart kommune;Nørregade 91 A;29189684;410;4503;100;378400;378400;0;0;2016;1994300;1994300;0;0;2004;1615900;1615900;0;0;400451;36BQ
Middelfart kommune;Nørregade 91 A;29189684;410;4503;100;378400;378400;0;0;2016;1994300;1994300;0;0;2004;1615900;1615900;0;0;400854;36BQ
Middelfart kommune;Nørregade 91 A;29189684;410;4503;100;378400;378400;0;0;2016;1994300;1994300;0;0;2004;1615900;1615900;0;0;400451;36BQ
Middelfart kommune;Nørregade 91 A;29189684;410;4503;100;378400;378400;0;0;2016;1994300;1994300;0;0;2004;1615900;1615900;0;0;400451;36BQ
Middelfart kommune;Nørregade 91 A;29189684;410;4503;100;378400;378400;0;0;2016;1994300;1994300;0;0;2004;1615900;1615900;0;0;400451;36BQ
Middelfart kommune;Nørregade 91 A;29189684;410;4503;100;378400;378400;0;0;2016;1994300;1994300;0;0;2004;1615900;1615900;0;0;400451;36BQ
Middelfart kommune;Nørregade 91 A;29189684;410;4503;100;378400;378400;0;0;2016;1994300;1994300;0;0;2004;1615900;1615900;0;0;400451;36BQ
Middelfart kommune;Nørregade 91 A;29189684;410;4503;100;378400;378400;0;0;2016;1994300;1994300;0;0;2004;1615900;1615900;0;0;400451;11I
Middelfart kommune;Nørregade 91 A;29189684;410;4503;100;378400;378400;0;0;2016;1994300;1994300;0;0;2004;1615900;1615900;0;0;400451;11I
Middelfart kommune;Nørregade 91 A;29189684;410;4503;100;378400;378400;0;0;2016;1994300;1994300;0;0;2004;1615900;1615900;0;0;400451;11I
Middelfart kommune;Nørregade 91 A;29189684;410;4503;100;378400;378400;0;0;2016;1994300;1994300;0;0;2004;1615900;1615900;0;0;400451;11I
Middelfart kommune;Nørregade 91 A;29189684;410;4503;100;378400;378400;0;0;2016;1994300;1994300;0;0;2004;1615900;1615900;0;0;400854;11I
Middelfart kommune;Nørregade 91 A;29189684;410;4503;100;378400;378400;0;0;2016;1994300;1994300;0;0;2004;1615900;1615900;0;0;400451;11I
Middelfart kommune;Nørregade 91 A;29189684;410;4503;100;378400;378400;0;0;2016;1994300;1994300;0;0;2004;1615900;1615900;0;0;400451;11I
Middelfart kommune;Nørregade 91 A;29189684;410;4503;100;378400;378400;0;0;2016;1994300;1994300;0;0;2004;1615900;1615900;0;0;400451;11I
Middelfart kommune;Nørregade 91 A;29189684;410;4503;100;378400;378400;0;0;2016;1994300;1994300;0;0;2004;1615900;1615900;0;0;400451;11I
Middelfart kommune;Nørregade 91 A;29189684;410;4503;100;378400;378400;0;0;2016;1994300;1994300;0;0;2004;1615900;1615900;0;0;400451;11I
Middelfart kommune;Nørregade 91 A;29189684;410;4503;100;378400;378400;0;0;2016;1994300;1994300;0;0;2004;1615900;1615900;0;0;400451;10CX
Middelfart kommune;Nørregade 91 A;29189684;410;4503;100;378400;378400;0;0;2016;1994300;1994300;0;0;2004;1615900;1615900;0;0;400451;10CX
Middelfart kommune;Nørregade 91 A;29189684;410;4503;100;378400;378400;0;0;2016;1994300;1994300;0;0;2004;1615900;1615900;0;0;400451;10CX
Middelfart kommune;Nørregade 91 A;29189684;410;4503;100;378400;378400;0;0;2016;1994300;1994300;0;0;2004;1615900;1615900;0;0;400451;10CX
Middelfart kommune;Nørregade 91 A;29189684;410;4503;100;378400;378400;0;0;2016;1994300;1994300;0;0;2004;1615900;1615900;0;0;400854;10CX
Middelfart kommune;Nørregade 91 A;29189684;410;4503;100;378400;378400;0;0;2016;1994300;1994300;0;0;2004;1615900;1615900;0;0;400451;10CX
Middelfart kommune;Nørregade 91 A;29189684;410;4503;100;378400;378400;0;0;2016;1994300;1994300;0;0;2004;1615900;1615900;0;0;400451;10CX
Middelfart kommune;Nørregade 91 A;29189684;410;4503;100;378400;378400;0;0;2016;1994300;1994300;0;0;2004;1615900;1615900;0;0;400451;10CX
Middelfart kommune;Nørregade 91 A;29189684;410;4503;100;378400;378400;0;0;2016;1994300;1994300;0;0;2004;1615900;1615900;0;0;400451;10CX
Middelfart kommune;Nørregade 91 A;29189684;410;4503;100;378400;378400;0;0;2016;1994300;1994300;0;0;2004;1615900;1615900;0;0;400451;10CX
Middelfart kommune;Nørregade 91 A;29189684;410;4503;100;378400;378400;0;0;2016;1994300;1994300;0;0;2004;1615900;1615900;0;0;400451;10CT
Middelfart kommune;Nørregade 91 A;29189684;410;4503;100;378400;378400;0;0;2016;1994300;1994300;0;0;2004;1615900;1615900;0;0;400451;10CT
Middelfart kommune;Nørregade 91 A;29189684;410;4503;100;378400;378400;0;0;2016;1994300;1994300;0;0;2004;1615900;1615900;0;0;400451;10CT
Middelfart kommune;Nørregade 91 A;29189684;410;4503;100;378400;378400;0;0;2016;1994300;1994300;0;0;2004;1615900;1615900;0;0;400451;10CT
Middelfart kommune;Nørregade 91 A;29189684;410;4503;100;378400;378400;0;0;2016;1994300;1994300;0;0;2004;1615900;1615900;0;0;400854;10CT
Middelfart kommune;Nørregade 91 A;29189684;410;4503;100;378400;378400;0;0;2016;1994300;1994300;0;0;2004;1615900;1615900;0;0;400451;10CT
Middelfart kommune;Nørregade 91 A;29189684;410;4503;100;378400;378400;0;0;2016;1994300;1994300;0;0;2004;1615900;1615900;0;0;400451;10CT
Middelfart kommune;Nørregade 91 A;29189684;410;4503;100;378400;378400;0;0;2016;1994300;1994300;0;0;2004;1615900;1615900;0;0;400451;10CT
Middelfart kommune;Nørregade 91 A;29189684;410;4503;100;378400;378400;0;0;2016;1994300;1994300;0;0;2004;1615900;1615900;0;0;400451;10CT
Middelfart kommune;Nørregade 91 A;29189684;410;4503;100;378400;378400;0;0;2016;1994300;1994300;0;0;2004;1615900;1615900;0;0;400451;10CT
Middelfart kommune;Nørregade 91 A;29189684;410;4503;100;378400;378400;0;0;2016;1994300;1994300;0;0;2004;1615900;1615900;0;0;400451;10CV
Middelfart kommune;Nørregade 91 A;29189684;410;4503;100;378400;378400;0;0;2016;1994300;1994300;0;0;2004;1615900;1615900;0;0;400451;10CV
Middelfart kommune;Nørregade 91 A;29189684;410;4503;100;378400;378400;0;0;2016;1994300;1994300;0;0;2004;1615900;1615900;0;0;400451;10CV
Middelfart kommune;Nørregade 91 A;29189684;410;4503;100;378400;378400;0;0;2016;1994300;1994300;0;0;2004;1615900;1615900;0;0;400451;10CV
Middelfart kommune;Nørregade 91 A;29189684;410;4503;100;378400;378400;0;0;2016;1994300;1994300;0;0;2004;1615900;1615900;0;0;400854;10CV
Middelfart kommune;Nørregade 91 A;29189684;410;4503;100;378400;378400;0;0;2016;1994300;1994300;0;0;2004;1615900;1615900;0;0;400451;10CV
Middelfart kommune;Nørregade 91 A;29189684;410;4503;100;378400;378400;0;0;2016;1994300;1994300;0;0;2004;1615900;1615900;0;0;400451;10CV
Middelfart kommune;Nørregade 91 A;29189684;410;4503;100;378400;378400;0;0;2016;1994300;1994300;0;0;2004;1615900;1615900;0;0;400451;10CV
Middelfart kommune;Nørregade 91 A;29189684;410;4503;100;378400;378400;0;0;2016;1994300;1994300;0;0;2004;1615900;1615900;0;0;400451;10CV
Middelfart kommune;Nørregade 91 A;29189684;410;4503;100;378400;378400;0;0;2016;1994300;1994300;0;0;2004;1615900;1615900;0;0;400451;10CV
Middelfart kommune;Nørregade 91 A;29189684;410;4503;100;378400;378400;0;0;2016;1994300;1994300;0;0;2004;1615900;1615900;0;0;400451;10CU
Middelfart kommune;Nørregade 91 A;29189684;410;4503;100;378400;378400;0;0;2016;1994300;1994300;0;0;2004;1615900;1615900;0;0;400451;10CU
Middelfart kommune;Nørregade 91 A;29189684;410;4503;100;378400;378400;0;0;2016;1994300;1994300;0;0;2004;1615900;1615900;0;0;400451;10CU
Middelfart kommune;Nørregade 91 A;29189684;410;4503;100;378400;378400;0;0;2016;1994300;1994300;0;0;2004;1615900;1615900;0;0;400451;10CU
Middelfart kommune;Nørregade 91 A;29189684;410;4503;100;378400;378400;0;0;2016;1994300;1994300;0;0;2004;1615900;1615900;0;0;400854;10CU
Middelfart kommune;Nørregade 91 A;29189684;410;4503;100;378400;378400;0;0;2016;1994300;1994300;0;0;2004;1615900;1615900;0;0;400451;10CU
Middelfart kommune;Nørregade 91 A;29189684;410;4503;100;378400;378400;0;0;2016;1994300;1994300;0;0;2004;1615900;1615900;0;0;400451;10CU
Middelfart kommune;Nørregade 91 A;29189684;410;4503;100;378400;378400;0;0;2016;1994300;1994300;0;0;2004;1615900;1615900;0;0;400451;10CU
Middelfart kommune;Nørregade 91 A;29189684;410;4503;100;378400;378400;0;0;2016;1994300;1994300;0;0;2004;1615900;1615900;0;0;400451;10CU
Middelfart kommune;Nørregade 91 A;29189684;410;4503;100;378400;378400;0;0;2016;1994300;1994300;0;0;2004;1615900;1615900;0;0;400451;10CU
Middelfart kommune;Nørregade 91 A;29189684;410;4503;100;378400;378400;0;0;2016;1994300;1994300;0;0;2004;1615900;1615900;0;0;400451;10CY
Middelfart kommune;Nørregade 91 A;29189684;410;4503;100;378400;378400;0;0;2016;1994300;1994300;0;0;2004;1615900;1615900;0;0;400451;10CY
Middelfart kommune;Nørregade 91 A;29189684;410;4503;100;378400;378400;0;0;2016;1994300;1994300;0;0;2004;1615900;1615900;0;0;400451;10CY
Middelfart kommune;Nørregade 91 A;29189684;410;4503;100;378400;378400;0;0;2016;1994300;1994300;0;0;2004;1615900;1615900;0;0;400451;10CY
Middelfart kommune;Nørregade 91 A;29189684;410;4503;100;378400;378400;0;0;2016;1994300;1994300;0;0;2004;1615900;1615900;0;0;400854;10CY
Middelfart kommune;Nørregade 91 A;29189684;410;4503;100;378400;378400;0;0;2016;1994300;1994300;0;0;2004;1615900;1615900;0;0;400451;10CY
Middelfart kommune;Nørregade 91 A;29189684;410;4503;100;378400;378400;0;0;2016;1994300;1994300;0;0;2004;1615900;1615900;0;0;400451;10CY
Middelfart kommune;Nørregade 91 A;29189684;410;4503;100;378400;378400;0;0;2016;1994300;1994300;0;0;2004;1615900;1615900;0;0;400451;10CY
Middelfart kommune;Nørregade 91 A;29189684;410;4503;100;378400;378400;0;0;2016;1994300;1994300;0;0;2004;1615900;1615900;0;0;400451;10CY
Middelfart kommune;Nørregade 91 A;29189684;410;4503;100;378400;378400;0;0;2016;1994300;1994300;0;0;2004;1615900;1615900;0;0;400451;10CY
Middelfart kommune;Nørregade 91 A;29189684;410;4503;100;378400;378400;0;0;2016;1994300;1994300;0;0;2004;1615900;1615900;0;0;400451;36BT
Middelfart kommune;Nørregade 91 A;29189684;410;4503;100;378400;378400;0;0;2016;1994300;1994300;0;0;2004;1615900;1615900;0;0;400451;36BT
Middelfart kommune;Nørregade 91 A;29189684;410;4503;100;378400;378400;0;0;2016;1994300;1994300;0;0;2004;1615900;1615900;0;0;400451;36BT
Middelfart kommune;Nørregade 91 A;29189684;410;4503;100;378400;378400;0;0;2016;1994300;1994300;0;0;2004;1615900;1615900;0;0;400451;36BT
Middelfart kommune;Nørregade 91 A;29189684;410;4503;100;378400;378400;0;0;2016;1994300;1994300;0;0;2004;1615900;1615900;0;0;400854;36BT
Middelfart kommune;Nørregade 91 A;29189684;410;4503;100;378400;378400;0;0;2016;1994300;1994300;0;0;2004;1615900;1615900;0;0;400451;36BT
Middelfart kommune;Nørregade 91 A;29189684;410;4503;100;378400;378400;0;0;2016;1994300;1994300;0;0;2004;1615900;1615900;0;0;400451;36BT
Middelfart kommune;Nørregade 91 A;29189684;410;4503;100;378400;378400;0;0;2016;1994300;1994300;0;0;2004;1615900;1615900;0;0;400451;36BT
Middelfart kommune;Nørregade 91 A;29189684;410;4503;100;378400;378400;0;0;2016;1994300;1994300;0;0;2004;1615900;1615900;0;0;400451;36BT
Middelfart kommune;Nørregade 91 A;29189684;410;4503;100;378400;378400;0;0;2016;1994300;1994300;0;0;2004;1615900;1615900;0;0;400451;36BT
MIDDELFART KOMMUNE;Fabriksvej 15 (5592) - Materiel;29189684;410;4504;100;-200000;137400;0;0;2016;3150000;1098600;0;0;2004;3350000;961200;0;0;400451;11AI
Middelfart Kommune;Harndrup Holme 4 - sportsplads;29189684;410;4505;100;0;0;0;0;2016;429300;429300;0;0;2004;429300;429300;0;0;400952;17L
Middelfart Kommune;Harndrup Holme 4 - sportsplads;29189684;410;4505;100;0;0;0;0;2016;429300;429300;0;0;2004;429300;429300;0;0;400952;17L
Middelfart Kommune;Harndrup Holme 4 - sportsplads;29189684;410;4505;100;0;0;0;0;2016;429300;429300;0;0;2004;429300;429300;0;0;400952;17Q
Middelfart Kommune;Harndrup Holme 4 - sportsplads;29189684;410;4505;100;0;0;0;0;2016;429300;429300;0;0;2004;429300;429300;0;0;400952;17Q
Middelfart kommune;Industrivej 502 (5592) - Jord;29189684;410;4508;100;457800;457800;0;0;2016;724700;724700;0;0;2004;266900;266900;0;0;400451;11Ø
Middelfart kommune;Bogensevej 12b (5464);29189684;410;4510;100;0;0;0;0;2016;311100;311100;0;0;2004;311100;311100;0;0;400351;7T
Middelfart kommune;Juelsmindevænget 3;29189684;410;4511;100;25600;25600;0;0;2016;136400;136400;0;0;2004;110800;110800;0;0;400952;59P
Middelfart kommune;Juelsmindevænget 4;29189684;410;4512;100;36400;36400;0;0;2016;143300;143300;0;0;2004;106900;106900;0;0;400952;59Q
Middelfart Kommune;Juelsmindevej 16 - Forp. ud;29189684;410;4526;100;291000;291000;0;0;2016;1012500;1012500;0;0;2004;721500;721500;0;0;400952;8L
Middelfart kommune;Juelsmindevænget 502;29189684;410;4527;100;6700;6700;0;0;2016;68300;68300;0;0;2004;61600;61600;0;0;400952;8AS
Middelfart Kommune;Tåruplundvej 501 - Forpagtet ud;29189684;410;4530;100;-102100;-102100;0;0;2016;147200;147200;0;0;2004;249300;249300;0;0;400856;9M
Middelfart kommune;Juelsmindevænget 20;29189684;410;4542;100;22600;22600;0;0;2016;120500;120500;0;0;2004;97900;97900;0;0;400952;8AY
Middelfart kommune;Vindebjergvej 12 A;29189684;410;4587;100;-12100;-12100;0;0;2016;179800;179800;0;0;2004;191900;191900;0;0;400952;59T
Middelfart kommune;Vindebjergvej 15 B;29189684;410;4588;100;13300;13300;0;0;2016;33100;33100;0;0;2004;19800;19800;0;0;400952;16Ø
Middelfart Kommune;Vindebjergvej 15F - Forp. ud;29189684;410;4589;100;72500;72500;0;0;2016;410700;410700;0;0;2004;338200;338200;0;0;400952;16Æ
Middelfart kommune;Søndergade 78 Borgerforening;29189684;410;4625;100;800000;121200;0;0;2016;3700000;605700;0;0;2004;2900000;484500;0;0;400855;6DM
Middelfart Kommune;Fabriksvej 500(5592)Forpagtet ud;29189684;410;4758;100;165000;165000;0;0;2016;822300;822300;0;0;2004;657300;657300;0;0;400451;9N
Middelfart kommune;Industribuen 500;29189684;410;4777;100;-857600;-857600;0;0;2016;429400;429400;0;0;2004;1287000;1287000;0;0;400451;21K
Middelfart kommune;Industribuen 500;29189684;410;4777;100;-857600;-857600;0;0;2016;429400;429400;0;0;2004;1287000;1287000;0;0;400451;21K
Middelfart kommune;Industribuen 500;29189684;410;4777;100;-857600;-857600;0;0;2016;429400;429400;0;0;2004;1287000;1287000;0;0;400451;21D
Middelfart kommune;Industribuen 500;29189684;410;4777;100;-857600;-857600;0;0;2016;429400;429400;0;0;2004;1287000;1287000;0;0;400451;21D
Middelfart kommune;Havevej 5;29189684;410;4786;100;1000;1000;0;0;2016;23200;23200;0;0;2004;22200;22200;0;0;400451;3DF
Middelfart kommune;Havevej 5;29189684;410;4786;100;1000;1000;0;0;2016;23200;23200;0;0;2004;22200;22200;0;0;400451;3DF
Middelfart kommune;Havevej 5;29189684;410;4786;100;1000;1000;0;0;2016;23200;23200;0;0;2004;22200;22200;0;0;400451;3DF
Middelfart kommune;Havevej 5;29189684;410;4786;100;1000;1000;0;0;2016;23200;23200;0;0;2004;22200;22200;0;0;400451;3EF
Middelfart kommune;Havevej 5;29189684;410;4786;100;1000;1000;0;0;2016;23200;23200;0;0;2004;22200;22200;0;0;400451;3EF
Middelfart kommune;Havevej 5;29189684;410;4786;100;1000;1000;0;0;2016;23200;23200;0;0;2004;22200;22200;0;0;400451;3EF
Middelfart kommune;Havevej 5;29189684;410;4786;100;1000;1000;0;0;2016;23200;23200;0;0;2004;22200;22200;0;0;400451;3EN
Middelfart kommune;Havevej 5;29189684;410;4786;100;1000;1000;0;0;2016;23200;23200;0;0;2004;22200;22200;0;0;400451;3EN
Middelfart kommune;Havevej 5;29189684;410;4786;100;1000;1000;0;0;2016;23200;23200;0;0;2004;22200;22200;0;0;400451;3EN
Middelfart kommune;Havrevænget 500;29189684;410;4812;100;-23200;-23200;0;0;2016;171900;171900;0;0;2004;195100;195100;0;0;400353;7T
Middelfart kommune;Havevej 7;29189684;410;4818;100;0;0;0;0;2016;14300;14300;0;0;2004;14300;14300;0;0;400451;3EU
Middelfart kommune;Havevej 7;29189684;410;4818;100;0;0;0;0;2016;14300;14300;0;0;2004;14300;14300;0;0;400451;3EU
Middelfart kommune;Havevej 7;29189684;410;4818;100;0;0;0;0;2016;14300;14300;0;0;2004;14300;14300;0;0;400451;3KP
Middelfart kommune;Havevej 7;29189684;410;4818;100;0;0;0;0;2016;14300;14300;0;0;2004;14300;14300;0;0;400451;3KP
Middelfart kommune;Klodeparken 1-5;29189684;410;4821;100;322500;322500;0;0;2016;645100;645100;0;0;2004;322600;322600;0;0;400353;12H
Middelfart Kommune;Brenderupvej 30 - Forpagtet ud;29189684;410;4838;100;200000;44200;0;0;2016;510000;150100;0;0;2004;310000;105900;0;0;400353;7U
Middelfart kommune;Havrevænget 22;29189684;410;4847;100;92800;92800;0;0;2016;493600;493600;0;0;2004;400800;400800;0;0;400353;7Q
Middelfart Kommune;Kirkevej 35 (5464) Bolig;29189684;410;4890;100;20000;0;0;0;2016;450000;0;0;0;2004;430000;0;0;0;400353;2V
Middelfart Kommune;Kirkevej 35 (5464) Bolig;29189684;410;4890;100;20000;0;0;0;2016;450000;0;0;0;2004;430000;0;0;0;400353;2V
Middelfart Kommune;Kirkevej 35 (5464) Bolig;29189684;410;4890;100;20000;0;0;0;2016;450000;0;0;0;2004;430000;0;0;0;400353;15M
Middelfart Kommune;Kirkevej 35 (5464) Bolig;29189684;410;4890;100;20000;0;0;0;2016;450000;0;0;0;2004;430000;0;0;0;400353;15M
Middelfart Kommune;Anlægsvej 4 A;29189684;410;4892;100;-350000;0;0;0;2016;3200000;0;0;0;2004;3550000;0;0;0;400451;3BØ
Middelfart Kommune;Stjernevænget 3;29189684;410;4894;100;-80000;0;0;0;2016;720000;0;0;0;2004;800000;0;0;0;400451;3BØ
Middelfart Kommune;Algade 60 B (5592);29189684;410;4900;100;-517500;-517500;0;0;2016;82900;82900;0;0;2004;600400;600400;0;0;400451;18C
Middelfart Kommune;Halvej 4;29189684;410;4938;100;-100000;0;0;0;2016;1350000;0;0;0;2004;1450000;0;0;0;400451;3HÆ
Middelfart kommune;Åbakkevej 2 A-G, 4, 6;29189684;410;4958;100;2700000;0;0;0;2016;8500000;0;0;0;2004;5800000;0;0;0;400351;3A
Middelfart kommune;Åbakkevej 2 A-G, 4, 6;29189684;410;4958;100;2700000;0;0;0;2016;8500000;0;0;0;2004;5800000;0;0;0;400351;3A
Middelfart kommune;Åbakkevej 2 A-G, 4, 6;29189684;410;4958;100;2700000;0;0;0;2016;8500000;0;0;0;2004;5800000;0;0;0;400351;3AT
Middelfart kommune;Åbakkevej 2 A-G, 4, 6;29189684;410;4958;100;2700000;0;0;0;2016;8500000;0;0;0;2004;5800000;0;0;0;400351;3AT
Børnehuset;Tanderupvej 49 - Børnehave;29189684;410;4965;100;0;0;0;0;2016;1050000;0;0;0;2004;1050000;0;0;0;391853;1P
Middelfart kommune;Tårupvej 16 (5591);29189684;410;4966;100;300000;-232400;0;0;2016;13200000;309700;0;0;2004;12900000;542100;0;0;400851;8CB
Middelfart kommune;Kirkevej 13 (5464);29189684;410;4976;100;8900000;0;0;0;2016;15300000;0;0;0;2004;6400000;0;0;0;400353;2V
Middelfart kommune;Tårupvej 10A-I,12A-z,14A-i,16;29189684;410;4985;100;4000000;478600;0;0;2016;22800000;921400;0;0;2004;18800000;442800;0;0;400851;8CB
Middelfart kommune;Drejerbakken 500;29189684;410;4989;100;0;0;0;0;2016;3200;3200;0;0;2004;3200;3200;0;0;400451;38K
Middelfart kommune;Drejerbakken 13;29189684;410;5009;100;0;0;0;0;2016;171400;171400;0;0;2004;171400;171400;0;0;400451;38P
Middelfart kommune;Juelsmindevej 53-Gr.omr/Klubhus;29189684;410;5020;100;11169600;11240500;0;0;2016;12049600;12049600;0;0;2004;880000;809100;0;0;400358;10G
Middelfart kommune;Stationsvej 26 a-h (5464);29189684;410;5029;100;300000;132200;0;0;2016;3800000;519400;0;0;2004;3500000;387200;0;0;400359;1BO
Middelfart kommune;Anlægsvej 9;29189684;410;5051;100;-800000;77000;0;0;2016;7350000;242100;0;0;2004;8150000;165100;0;0;400451;3KT
